{"cameraMode":{"drawMode":0,"name":"Shaded","section":"Shading Mode"},"sceneLighting":false,"audioPlay":false,"sceneViewState":{"showFog":true,"showMaterialUpdate":false,"showSkybox":true,"showFlares":true,"showImageEffects":true,"showParticleSystems":true},"in2DMode":false,"pivot":{"x":1.7279996871948243,"y":-0.1400001049041748,"z":-5.400000095367432},"rotation":{"x":-0.20941977202892304,"y":0.18142373859882356,"z":-0.03986193239688873,"w":-0.9601194262504578},"size":3.6544411182403566,"orthographic":false}