{"cameraMode":{"drawMode":0,"name":"Shaded","section":"Shading Mode"},"sceneLighting":false,"audioPlay":false,"sceneViewState":{"showFog":true,"showMaterialUpdate":false,"showSkybox":false,"showFlares":true,"showImageEffects":true,"showParticleSystems":true},"in2DMode":false,"pivot":{"x":542.9414672851563,"y":260.7979736328125,"z":38.69635009765625},"rotation":{"x":0.0363018773496151,"y":0.0018099864246323705,"z":-0.00005802035957458429,"w":0.9993440508842468},"size":291.38934326171877,"orthographic":false}