{"cameraMode":{"drawMode":0,"name":"Shaded","section":"Shading Mode"},"sceneLighting":false,"audioPlay":false,"sceneViewState":{"showFog":true,"showMaterialUpdate":false,"showSkybox":true,"showFlares":true,"showImageEffects":true,"showParticleSystems":true},"in2DMode":false,"pivot":{"x":2.630214214324951,"y":0.6393586993217468,"z":0.7663617134094238},"rotation":{"x":0.014345219358801842,"y":-0.9840534329414368,"z":0.1505482792854309,"w":0.0938735231757164},"size":0.6994356513023377,"orthographic":false}