{"cameraMode":{"drawMode":0,"name":"Shaded","section":"Shading Mode"},"sceneLighting":false,"audioPlay":false,"sceneViewState":{"showFog":true,"showMaterialUpdate":false,"showSkybox":false,"showFlares":true,"showImageEffects":true,"showParticleSystems":true},"in2DMode":false,"pivot":{"x":-0.010009765625,"y":-0.056854248046875,"z":-3.748291015625},"rotation":{"x":-0.0926089659333229,"y":-0.9076054096221924,"z":0.2959882915019989,"w":-0.28329119086265566},"size":68.02641296386719,"orthographic":false}