{"cameraMode":{"drawMode":0,"name":"Shaded","section":"Shading Mode"},"sceneLighting":false,"audioPlay":false,"sceneViewState":{"showFog":true,"showMaterialUpdate":false,"showSkybox":true,"showFlares":true,"showImageEffects":true,"showParticleSystems":true},"in2DMode":false,"pivot":{"x":0.8996403217315674,"y":0.45714518427848818,"z":41.657230377197269},"rotation":{"x":0.2791793942451477,"y":-0.3603666126728058,"z":0.11400502175092697,"w":0.8827924132347107},"size":8.271337509155274,"orthographic":false}