{"cameraMode":{"drawMode":0,"name":"Shaded","section":"Shading Mode"},"sceneLighting":false,"audioPlay":false,"sceneViewState":{"showFog":true,"showMaterialUpdate":false,"showSkybox":false,"showFlares":true,"showImageEffects":true,"showParticleSystems":true},"in2DMode":false,"pivot":{"x":470.24127197265627,"y":110.41349029541016,"z":7.5345458984375},"rotation":{"x":-0.07224418967962265,"y":-0.010495643131434918,"z":0.0007790784584358335,"w":-0.9973685145378113},"size":209.4005126953125,"orthographic":false}