{"cameraMode":{"drawMode":0,"name":"Shaded","section":"Shading Mode"},"sceneLighting":false,"audioPlay":false,"sceneViewState":{"showFog":true,"showMaterialUpdate":false,"showSkybox":true,"showFlares":true,"showImageEffects":true,"showParticleSystems":true},"in2DMode":false,"pivot":{"x":2.6672861576080324,"y":-0.6940805912017822,"z":-3.2515358924865724},"rotation":{"x":-0.014613856561481953,"y":0.984761655330658,"z":-0.13412176072597505,"w":-0.11109330505132675},"size":3.3512375354766847,"orthographic":false}