{"cameraMode":{"drawMode":0,"name":"Shaded","section":"Shading Mode"},"sceneLighting":false,"audioPlay":false,"sceneViewState":{"showFog":true,"showMaterialUpdate":false,"showSkybox":false,"showFlares":true,"showImageEffects":true,"showParticleSystems":true},"in2DMode":false,"pivot":{"x":616.8663940429688,"y":418.6179504394531,"z":-42.085906982421878},"rotation":{"x":0.056172437965869907,"y":-0.190737783908844,"z":0.011221394874155522,"w":0.9800460338592529},"size":194.41207885742188,"orthographic":false}