{"cameraMode":{"drawMode":0,"name":"Shaded","section":"Shading Mode"},"sceneLighting":false,"audioPlay":false,"sceneViewState":{"showFog":true,"showMaterialUpdate":false,"showSkybox":false,"showFlares":true,"showImageEffects":true,"showParticleSystems":true},"in2DMode":false,"pivot":{"x":5.861000061035156,"y":-4.025347709655762,"z":14.961999893188477},"rotation":{"x":0.010693089105188847,"y":0.1329566091299057,"z":-0.001592357293702662,"w":0.9913238883018494},"size":1.585316777229309,"orthographic":false}