{"cameraMode":{"drawMode":0,"name":"Shaded","section":"Shading Mode"},"sceneLighting":false,"audioPlay":false,"sceneViewState":{"showFog":true,"showMaterialUpdate":false,"showSkybox":true,"showFlares":true,"showImageEffects":true,"showParticleSystems":true},"in2DMode":false,"pivot":{"x":1.3775577545166016,"y":0.48774635791778567,"z":-6.374122619628906},"rotation":{"x":-0.08313405513763428,"y":0.20924828946590424,"z":0.01818295568227768,"w":0.9742607474327087},"size":9.495819091796875,"orthographic":false}