{"cameraMode":{"drawMode":0,"name":"Shaded","section":"Shading Mode"},"sceneLighting":false,"audioPlay":false,"sceneViewState":{"showFog":true,"showMaterialUpdate":false,"showSkybox":false,"showFlares":true,"showImageEffects":true,"showParticleSystems":true},"in2DMode":false,"pivot":{"x":5.499195575714111,"y":-5.117406368255615,"z":14.80419921875},"rotation":{"x":0.02575611136853695,"y":0.27611780166625979,"z":0.007018218748271465,"w":-0.9608614444732666},"size":0.6853166818618774,"orthographic":false}