{"cameraMode":{"drawMode":0,"name":"Shaded","section":"Shading Mode"},"sceneLighting":false,"audioPlay":false,"sceneViewState":{"showFog":true,"showMaterialUpdate":false,"showSkybox":false,"showFlares":true,"showImageEffects":true,"showParticleSystems":true},"in2DMode":false,"pivot":{"x":473.20806884765627,"y":185.24075317382813,"z":-78.62178039550781},"rotation":{"x":0.25657910108566286,"y":0.30005934834480288,"z":-0.0838695764541626,"w":0.9150078296661377},"size":237.9020233154297,"orthographic":false}